{"Strings":[{"Stringid":"aboutcourse","Original":"About this Course","Master":"Bu kurs hakkında","Local":"Bu ders hakkında"},{"Stringid":"browseallcourses","Original":"Browse all courses","Master":"Tüm kurslara gözat","Local":"Tüm derslere gözat"},{"Stringid":"cachedef_course_completion_progress","Original":"This is used to cache completion data per course / user.","Master":"Kurs/kullanıcı başına tamamlama verisinin önbelleğe alınması için kullanılır.","Local":"Ders/kullanıcı başına tamamlama verisinin önbelleğe alınması için kullanılır."},{"Stringid":"cachedef_course_completion_progress_ts","Original":"This is used so that we can invalidate session level caches if the course completion settings for a course or module change.","Master":"Bu da, bir kurs veya modülde kurs tamamlama ayarları değişirse oturum seviyesi önbelleklerinin geçersiz kılınması için kullanılır.","Local":"Bu da, bir ders veya modülde ders tamamlama ayarları değişirse oturum seviyesi önbelleklerinin geçersiz kılınması için kullanılır."},{"Stringid":"category_color_description","Original":"Course Category color. Child courses take the nearest parent category configuration","Master":"Kurs Kategorisi rengi. Alt kurslar, en yakın üst kategori yapılandırmasını alır","Local":"Ders Kategorisi rengi. Alt dersler, en yakın üst kategori yapılandırmasını alır"},{"Stringid":"courses","Original":"Courses","Master":"Kurslar","Local":"Dersler"},{"Stringid":"coursecontacts","Original":"Course Contacts","Master":"Kurs Kişileri","Local":"Ders Kişileri"},{"Stringid":"coursedisplay","Original":"Course display","Master":"Kurs ekranı","Local":"Ders ekranı"},{"Stringid":"coursefootertoggle","Original":"Course footer","Master":"Kurs altbilgisi","Local":"Ders altbilgisi"},{"Stringid":"coursefootertoggledesc","Original":"The Course footer shows useful information to users on a course page including course contacts, course description and recent activity in the course.","Master":"Kurs altbilgisi, bir kurs sayfasında kullanıcılara kurs kişileri, kurs tanımı ve kurstaki son etkinlikler gibi gerekli bilgileri gösterir.","Local":"Ders altbilgisi, bir ders sayfasında kullanıcılara ders kişileri, ders tanımı ve dersteki son etkinlikler gibi gerekli bilgileri gösterir."},{"Stringid":"courseformatnotification","Original":"The current course format you are using is not fully supported by the Snap theme. For the best experience Blackboard Open LMS recommends using the Topics or Weekly course formats with the Snap theme. The course format can be changed in the <a href=\"{$a}\">course settings</a>.","Master":"Şu anda kullandığınız kurs biçimi Snap teması tarafından tam olarak desteklenmiyor. Blackboard Open LMS, en iyi deneyim için Snap temasıyla birlikte Konular veya Haftalık kurs biçimlerinin kullanılmasını önerir. Kurs biçimi, <a href=\"{$a}\">kurs ayarları</a> içinden değiştirilebilir.","Local":"Şu anda kullandığınız ders biçimi Snap teması tarafından tam olarak desteklenmiyor. Blackboard Open LMS, en iyi deneyim için Snap temasıyla birlikte Konular veya Haftalık ders biçimlerinin kullanılmasını önerir. Ders biçimi, <a href=\"{$a}\">ders ayarları</a> içinden değiştirilebilir."},{"Stringid":"coursegrade","Original":"Course grade:","Master":"Kurs notu:","Local":"Ders notu:"},{"Stringid":"coursepartialrender","Original":"Enable lazy loading for course sections","Master":"Kurs bölümleri için yavaş yüklemeyi etkinleştir","Local":"Ders bölümleri için yavaş yüklemeyi etkinleştir"},{"Stringid":"coursepartialrenderdesc","Original":"If enabled, course sections load on demand when selected by a user. This helps courses with large amounts of content load faster.","Master":"Etkinleştirildiğinde, kurs bölümleri bir kullanıcı tarafından seçildiğinde istek üzerine yüklenir. Bu, büyük miktarda içeriğe sahip kursların daha hızlı yüklenmesine yardımcı olur.","Local":"Etkinleştirildiğinde, ders bölümleri bir kullanıcı tarafından seçildiğinde istek üzerine yüklenir. Bu, büyük miktarda içeriğe sahip derslerin daha hızlı yüklenmesine yardımcı olur."},{"Stringid":"coursenavigation","Original":"Course navigation","Master":"Kurs gezintisi","Local":"Ders gezintisi"},{"Stringid":"coursesummaryfilesunsuitable","Original":"Please empty your course summary files before you attempt to change the cover image","Master":"Kapak resmini değiştirmeden önce lütfen kurs özeti dosyalarınızı boşaltın","Local":"Kapak resmini değiştirmeden önce lütfen ders özeti dosyalarınızı boşaltın"},{"Stringid":"coursetools","Original":"Course Dashboard","Master":"Kurs Panosu","Local":"Ders Panosu"},{"Stringid":"customisenavbutton","Original":"Change My Courses button colors","Master":"Kurslarım düğmesi renklerini değiştir","Local":"Derslerim düğmesi renklerini değiştir"},{"Stringid":"deadlinestoggledesc","Original":"Show users any upcoming activity deadlines from enrolled courses.","Master":"Kullanıcılara kaydolunan kursların varsa yaklaşan etkinlik bitiş tarihlerini gösterin.","Local":"Kullanıcılara kaydolunan derslerin varsa yaklaşan etkinlik bitiş tarihlerini gösterin."},{"Stringid":"defaultintrosummary","Original":"Welcome to your new course {$a}.\n<br>Start by describing what your course is about using text, images, audio & video.","Master":"Yeni kursuna hoş geldin {$a}.\n<br>Metin, resim, ses ve video yoluyla kursunun ne hakkında olduğunu anlatarak başlayın.","Local":"Yeni dersine hoş geldin {$a}. <br>Metin, resim, ses ve video yoluyla dersinin ne hakkında olduğunu anlatarak başlayın."},{"Stringid":"editcoursesettings","Original":"Course settings","Master":"Kurs ayarları","Local":"Ders ayarları"},{"Stringid":"error:categorycolorinvalidjson","Original":"Incorrect JSON format for course categories","Master":"Kurs kategorileri için yanlış JSON biçimi","Local":"Ders kategorileri için yanlış JSON biçimi"},{"Stringid":"featuredcourses","Original":"Featured courses","Master":"Öne çıkan kurslar","Local":"Öne çıkan dersler"},{"Stringid":"featuredcourseshelp","Original":"Highlight up to 8 featured courses to your site&#8217;s front page. Type the Course ID to feature a course.","Master":"Sitenizin ön sayfasında 8 adede kadar öne çıkan kursu vurgulayın. Bir kursu öne çıkarmak için Kurs kimliğini girin.","Local":"Sitenizin ön sayfasında 8 adede kadar öne çıkan dersi vurgulayın. Bir dersi öne çıkarmak için Ders kimliğini girin."},{"Stringid":"featuredcoursesheading","Original":"Featured courses heading","Master":"Öne çıkan kurslar başlığı","Local":"Öne çıkan dersler başlığı"},{"Stringid":"featuredcourseone","Original":"Featured course 1","Master":"Öne çıkan kurs 1","Local":"Öne çıkan ders 1"},{"Stringid":"featuredcoursetwo","Original":"Featured course 2","Master":"Öne çıkan kurs 2","Local":"Öne çıkan ders 2"},{"Stringid":"featuredcoursethree","Original":"Featured course 3","Master":"Öne çıkan kurs 3","Local":"Öne çıkan ders 3"},{"Stringid":"featuredcoursefour","Original":"Featured course 4","Master":"Öne çıkan kurs 4","Local":"Öne çıkan ders 4"},{"Stringid":"featuredcoursefive","Original":"Featured course 5","Master":"Öne çıkan kurs 5","Local":"Öne çıkan ders 5"},{"Stringid":"featuredcoursesix","Original":"Featured course 6","Master":"Öne çıkan kurs 6","Local":"Öne çıkan ders 6"},{"Stringid":"featuredcourseseven","Original":"Featured course 7","Master":"Öne çıkan kurs 7","Local":"Öne çıkan ders 7"},{"Stringid":"featuredcourseeight","Original":"Featured course 8","Master":"Öne çıkan kurs 8","Local":"Öne çıkan ders 8"},{"Stringid":"featuredcoursesedit","Original":"Edit featured courses","Master":"Öne çıkan kursları düzenle","Local":"Öne çıkan dersleri düzenle"},{"Stringid":"featuredcoursesbrowseall","Original":"Browse all courses","Master":"Tüm kurslara gözat","Local":"Tüm derslere gözat"},{"Stringid":"featuredcoursesbrowsealldesc","Original":"Add a browse all courses link","Master":"Tüm kurslara gözat bağlantısı ekle","Local":"Tüm derslere gözat bağlantısı ekle"},{"Stringid":"forumpoststoggledesc","Original":"Show users the 10 most recent forum posts from their courses","Master":"Kullanıcılarınıza, kurslarından gelen en son 10 forum gönderisini gösterin","Local":"Kullanıcılarınıza, derslerinden gelen en son 10 forum gönderisini gösterin"},{"Stringid":"hiddencoursestoggle","Original":"Hidden courses","Master":"Gizli kurslar","Local":"Gizli dersler"},{"Stringid":"menu","Original":"My Courses","Master":"Kurslarım","Local":"Derslerim"},{"Stringid":"privacy:metadata:theme_snap_course_favorites:courseid","Original":"The course ID of the course that the user favorited","Master":"Kullanıcının sık kullanılanlara eklediği kursun kimliği","Local":"Kullanıcının sık kullanılanlara eklediği dersin kimliği"},{"Stringid":"privacy:metadata:theme_snap_course_favorites:userid","Original":"The user ID of the user that favorited the course","Master":"Kursu sık kullanılanlara ekleyen kullanıcının kullanıcı kimliği","Local":"Dersi sık kullanılanlara ekleyen kullanıcının kullanıcı kimliği"},{"Stringid":"privacy:metadata:theme_snap_course_favorites:timefavorited","Original":"The timestamp of when the user favorited the course","Master":"Kullanıcının kursu sık kullanılanlara eklediği zamanı belirten zaman damgası","Local":"Kullanıcının dersi sık kullanılanlara eklediği zamanı belirten zaman damgası"},{"Stringid":"privacy:metadata:theme_snap_course_favorites","Original":"Stores users' course favorites for Snap","Master":"Kullanıcının Snap için sık kullanılanlara eklediği kursları depolar","Local":"Kullanıcının Snap için sık kullanılanlara eklediği dersleri depolar"},{"Stringid":"resourcedisplayhelp","Original":"Select how attachments and links appear in your course. The Snap theme doesn't support multimedia files in the small activity and resource cards' description.","Master":"Kursunuzda eklerin ve bağlantıların nasıl göründüğünü seçin. Snap teması, küçük etkinlik ve kaynak kartlarının açıklamasındaki multimedya dosyalarını desteklemez.","Local":"Dersinizde eklerin ve bağlantıların nasıl göründüğünü seçin. Snap teması, küçük etkinlik ve kaynak kartlarının açıklamasındaki multimedya dosyalarını desteklemez."},{"Stringid":"showcoursegradepersonalmenudesc","Original":"Show users their grade in course cards in the personal menu","Master":"Kullanıcılara kişisel menü içindeki kurs kartlarında notlarını göster","Local":"Kullanıcılara kişisel menü içindeki ders kartlarında notlarını göster"},{"Stringid":"topbarbuttoncolor","Original":"My Courses background","Master":"Kurslarım'ın arka planı","Local":"Derslerim'in arka planı"},{"Stringid":"viewcourse","Original":"View Course","Master":"Kursa Bak","Local":"Derse Bak"},{"Stringid":"cachedef_course_card_bg_image","Original":"Caching for course background image.","Master":"Kurs arka plan görüntüsü için önbelleğe alma.","Local":"Ders arka plan görüntüsü için önbelleğe alma."},{"Stringid":"admineventwarning","Original":"To see events from all courses,","Master":"Tüm kurslardaki olayları görmek için,","Local":"Tüm derslerdeki olayları görmek için,"},{"Stringid":"lazyload_mod_page_description","Original":"If enabled, this setting significantly decreases course page load times for courses with many pages.","Master":"Etkinleştirildiğinde, bu ayar çok sayfalı kurslar için kurs sayfası yükleme sürelerini önemli ölçüde kısaltır.","Local":"Etkinleştirildiğinde, bu ayar çok sayfalı dersler için ders sayfası yükleme sürelerini önemli ölçüde kısaltır."},{"Stringid":"multimediacard","Original":"Multimedia files won't be displayed in the activity card views for the Snap theme. This will be applied in homepage and course pages only for the small activity and resource cards.","Master":"Snap teması için etkinlik kartı görünümlerinde multimedya dosyaları gösterilmez. Bu, ana sayfa ve kurs sayfalarında yalnızca küçük etkinlik ve kaynak kartları için uygulanır.","Local":"Snap teması için etkinlik kartı görünümlerinde multimedya dosyaları gösterilmez. Bu, ana sayfa ve ders sayfalarında yalnızca küçük etkinlik ve kaynak kartları için uygulanır."}]}
